<?xml version="1.0" encoding="UTF-8"?>
<project-private xmlns="http://www.netbeans.org/ns/project-private/1">
    <editor-bookmarks xmlns="http://www.netbeans.org/ns/editor-bookmarks/2" lastBookmarkId="0"/>
    <open-files xmlns="http://www.netbeans.org/ns/projectui-open-files/2">
        <group>
            <file>file:/C:/Users/spach/Desktop/Real/ENCOM/src/vistas/inicio_sesion.java</file>
            <file>file:/C:/Users/spach/Desktop/Real/ENCOM/src/vistas/crear_cuenta.java</file>
            <file>file:/C:/Users/spach/Desktop/Real/ENCOM/src/conexion/usuarios.java</file>
            <file>file:/C:/Users/spach/Desktop/Real/ENCOM/src/conexion/contenido.java</file>
            <file>file:/C:/Users/spach/Desktop/Real/ENCOM/src/vistas/buscar_tema.java</file>
            <file>file:/C:/Users/spach/Desktop/Real/ENCOM/src/principal/ENCOM.java</file>
            <file>file:/C:/Users/spach/Desktop/Real/ENCOM/src/vistas/insertar_tema.java</file>
            <file>file:/C:/Users/spach/Desktop/Real/ENCOM/src/vistas/mostrar_tema.java</file>
        </group>
    </open-files>
</project-private>
